id,name,mail,registration_date,status,publications,date_of_birth,sex
0,Алика,mail.csv,1996-2-6,decliened,publications.csv,2011-12-19,male
1,Альбина,mail.csv,1991-9-26,approved,publications.csv,2002-10-19,female
2,Алевтин,mail.csv,2019-12-15,decliened,publications.csv,2012-9-10,female
3,Аглая,mail.csv,2005-3-24,approved,publications.csv,2015-1-22,male
4,Автандил,mail.csv,1998-10-8,decliened,publications.csv,2021-12-21,male
5,Алёна,mail.csv,2017-8-21,approved,publications.csv,2005-12-1,female
6,Августин,mail.csv,2020-6-16,decliened,publications.csv,2020-11-20,male
7,Абрам,mail.csv,1990-6-19,decliened,publications.csv,2010-8-9,male
8,Адель,mail.csv,2000-11-17,decliened,publications.csv,1996-11-19,male
9,Авдей,mail.csv,1992-11-14,decliened,publications.csv,1999-5-1,male
10,Абрам,mail.csv,1999-3-9,decliened,publications.csv,1993-1-15,male
11,Альвиан,mail.csv,2021-3-24,approved,publications.csv,2021-7-10,male
12,Азарий,mail.csv,1994-11-5,decliened,publications.csv,1995-7-21,female
13,Адиля,mail.csv,2012-5-11,decliened,publications.csv,2016-1-23,female
14,Альвина,mail.csv,2023-5-17,decliened,publications.csv,2011-3-14,male
15,Августа,mail.csv,2019-5-11,decliened,publications.csv,1993-2-11,male
16,Альберта,mail.csv,2018-9-1,approved,publications.csv,2004-10-13,female
17,Алико,mail.csv,2007-4-23,decliened,publications.csv,1999-12-26,male
18,Адольф,mail.csv,2023-6-20,approved,publications.csv,1999-9-12,male
19,Алира,mail.csv,2011-10-12,approved,publications.csv,2000-5-21,male
20,Аврора,mail.csv,1996-8-14,approved,publications.csv,1994-4-15,male
21,Алеся,mail.csv,1992-5-12,decliened,publications.csv,1993-9-9,male
22,Айлин,mail.csv,1991-7-27,decliened,publications.csv,2019-10-3,male
23,Алла,mail.csv,1994-11-10,approved,publications.csv,2021-12-2,male
24,Азат,mail.csv,2007-10-28,approved,publications.csv,1995-11-9,male
25,Агунда,mail.csv,2001-7-26,decliened,publications.csv,2000-7-26,male
26,Автоноя,mail.csv,1994-1-10,approved,publications.csv,2021-10-16,male
27,Агриппина,mail.csv,2022-7-21,decliened,publications.csv,2007-11-17,male
28,Агунда,mail.csv,2003-9-15,decliened,publications.csv,2014-11-22,male
29,Аксён,mail.csv,2009-8-4,decliened,publications.csv,2023-1-4,male
30,Альфия,mail.csv,2000-2-6,decliened,publications.csv,1997-5-8,male
31,Агнета,mail.csv,2023-6-1,decliened,publications.csv,1993-5-27,male
32,Агафья,mail.csv,2004-9-17,approved,publications.csv,1994-4-28,male
33,Альвина,mail.csv,2012-10-24,approved,publications.csv,1999-1-15,male
34,Аксён,mail.csv,2016-2-7,approved,publications.csv,1994-2-7,male
35,Август,mail.csv,2011-4-7,approved,publications.csv,2002-4-15,male
36,Аглая,mail.csv,2015-10-27,decliened,publications.csv,2019-11-6,female
37,Агапия,mail.csv,2007-8-16,approved,publications.csv,2008-10-20,female
38,Адиля,mail.csv,1998-6-24,approved,publications.csv,1992-3-20,male
39,Алия,mail.csv,2001-1-12,decliened,publications.csv,2009-8-25,male
40,Авигея,mail.csv,1999-12-6,approved,publications.csv,2017-6-8,female
41,Аваз,mail.csv,2001-11-15,decliened,publications.csv,2008-9-19,male
42,Алоис,mail.csv,2013-2-19,decliened,publications.csv,2023-10-28,female
43,Альбина,mail.csv,1992-8-22,decliened,publications.csv,2023-12-22,female
44,Авраам,mail.csv,1998-4-9,approved,publications.csv,1998-8-8,male
45,Айлин,mail.csv,1995-5-13,decliened,publications.csv,1991-6-18,male
46,Альберт,mail.csv,2011-2-4,decliened,publications.csv,1990-3-27,female
47,Аксинья,mail.csv,2021-2-4,decliened,publications.csv,2009-3-6,male
48,Алана,mail.csv,2013-7-19,approved,publications.csv,1995-1-18,female
49,Алевтина,mail.csv,1999-2-21,approved,publications.csv,2021-5-7,male
50,Азат,mail.csv,1996-2-12,approved,publications.csv,2008-3-21,female
51,Алия,mail.csv,2011-4-20,approved,publications.csv,2010-5-27,female
52,Агнес,mail.csv,2017-10-20,decliened,publications.csv,2007-5-28,male
53,Азамат,mail.csv,2018-9-4,approved,publications.csv,1990-8-2,male
54,Ален,mail.csv,2017-2-10,decliened,publications.csv,1993-1-11,female
55,Азат,mail.csv,2019-12-27,decliened,publications.csv,1998-5-13,female
56,Алико,mail.csv,2001-3-7,decliened,publications.csv,2000-8-8,male
57,Алдона,mail.csv,1999-11-3,approved,publications.csv,1998-4-21,female
58,Александрина,mail.csv,2002-6-18,approved,publications.csv,2014-6-14,female
59,Адам,mail.csv,1990-8-4,decliened,publications.csv,2008-5-19,male
60,Айлин,mail.csv,1997-8-22,approved,publications.csv,2022-12-25,female
61,Авксентий,mail.csv,2014-7-4,approved,publications.csv,1995-10-9,male
62,Алико,mail.csv,2015-7-11,approved,publications.csv,2023-6-4,female
63,Агафья,mail.csv,2017-8-10,approved,publications.csv,2020-12-12,male
64,Акакий,mail.csv,2018-10-2,decliened,publications.csv,2002-11-20,female
65,Альфия,mail.csv,2007-3-26,approved,publications.csv,2015-2-2,male
66,Альвиан,mail.csv,1997-2-19,approved,publications.csv,2007-5-14,female
67,Азамат,mail.csv,2000-3-15,decliened,publications.csv,2021-11-17,female
68,Алдона,mail.csv,2018-11-25,decliened,publications.csv,2016-10-27,female
69,Аврора,mail.csv,1997-11-19,approved,publications.csv,2004-8-10,male
70,Алан,mail.csv,2005-8-1,decliened,publications.csv,2007-9-23,female
71,Алдона,mail.csv,2016-12-13,decliened,publications.csv,1999-2-10,male
72,Аваз,mail.csv,2013-1-5,decliened,publications.csv,1997-3-20,female
73,Аделина,mail.csv,2014-9-5,approved,publications.csv,2021-6-9,male
74,Агунда,mail.csv,1990-2-1,decliened,publications.csv,2004-4-18,male
75,Алдона,mail.csv,2012-5-26,decliened,publications.csv,2016-8-14,male
76,Авдей,mail.csv,2014-5-16,approved,publications.csv,1999-7-12,male
77,Алана,mail.csv,2009-4-23,approved,publications.csv,2020-10-16,male
78,Алеся,mail.csv,2007-5-4,decliened,publications.csv,2022-6-11,female
79,Автандил,mail.csv,1994-10-15,decliened,publications.csv,1990-1-9,female
80,Альжбета,mail.csv,2001-8-23,decliened,publications.csv,2008-12-16,female
81,Аделаида,mail.csv,1991-8-11,decliened,publications.csv,2009-6-22,male
82,Али,mail.csv,2004-12-6,approved,publications.csv,1997-5-15,female
83,Агриппина,mail.csv,1994-4-28,approved,publications.csv,1993-12-13,male
84,Азат,mail.csv,2004-5-25,approved,publications.csv,1990-8-16,female
85,Агафья,mail.csv,1998-3-14,decliened,publications.csv,2016-10-1,female
86,Алевтин,mail.csv,2016-8-3,decliened,publications.csv,1996-5-16,female
87,Адриана,mail.csv,1991-10-9,approved,publications.csv,1997-1-3,male
88,Авигея,mail.csv,2002-2-14,approved,publications.csv,2005-5-5,female
89,Аделия,mail.csv,2019-7-7,decliened,publications.csv,2013-11-20,male
90,Альвиан,mail.csv,2013-4-6,decliened,publications.csv,2012-11-27,female
91,Аврора,mail.csv,2002-9-28,approved,publications.csv,2001-3-12,female
92,Аарон,mail.csv,1999-5-6,decliened,publications.csv,2005-5-7,male
93,Аксён,mail.csv,1996-3-26,decliened,publications.csv,2022-10-23,female
94,Альвина,mail.csv,1998-8-28,decliened,publications.csv,2021-9-1,male
95,Агафья,mail.csv,1991-7-2,decliened,publications.csv,2009-2-4,female
96,Аким,mail.csv,2011-4-12,decliened,publications.csv,2001-12-2,male
97,Аделина,mail.csv,1990-8-15,decliened,publications.csv,1993-1-18,female
98,Алтжин,mail.csv,2021-7-23,approved,publications.csv,2006-4-23,male
99,Айлин,mail.csv,1994-8-4,approved,publications.csv,1993-6-25,male
100,Альберта,mail.csv,2019-2-2,approved,publications.csv,1994-2-23,male
101,Айнур,mail.csv,1997-11-27,approved,publications.csv,1993-7-20,male
102,Алексий,mail.csv,2019-5-5,decliened,publications.csv,2014-9-16,female
103,Агапия,mail.csv,2018-12-8,decliened,publications.csv,2008-3-7,male
104,Аваз,mail.csv,2006-3-7,decliened,publications.csv,2001-6-26,female
105,Айдар,mail.csv,2003-11-23,decliened,publications.csv,1995-3-14,female
106,Айгуль,mail.csv,2012-2-15,decliened,publications.csv,2005-12-21,female
107,Аарон,mail.csv,2020-9-25,approved,publications.csv,2003-11-23,female
108,Авдотья,mail.csv,1997-10-15,approved,publications.csv,2019-7-2,male
109,Альберт,mail.csv,2015-6-5,decliened,publications.csv,1997-7-5,female
110,Августина,mail.csv,2022-11-17,decliened,publications.csv,2010-6-25,female
111,Аксён,mail.csv,2016-1-6,approved,publications.csv,2006-12-4,male
112,Альбина,mail.csv,2001-1-26,decliened,publications.csv,2013-2-14,female
113,Агафья,mail.csv,1998-6-8,decliened,publications.csv,1995-2-18,female
114,Аглая,mail.csv,2007-4-14,approved,publications.csv,2007-3-2,female
115,Ада,mail.csv,2002-6-20,approved,publications.csv,2007-2-7,male
116,Аксён,mail.csv,2000-9-4,approved,publications.csv,2015-2-19,female
117,Агата,mail.csv,2007-6-23,approved,publications.csv,2022-1-24,male
118,Авигея,mail.csv,2016-7-1,decliened,publications.csv,1993-10-2,male
119,Алико,mail.csv,2019-7-16,approved,publications.csv,2015-10-28,male
120,Агапия,mail.csv,2012-8-5,approved,publications.csv,2010-3-2,female
121,Алдона,mail.csv,2003-11-5,decliened,publications.csv,2010-8-8,male
122,Аза,mail.csv,2023-11-26,approved,publications.csv,2018-9-26,male
123,Алексей,mail.csv,2009-9-12,approved,publications.csv,1996-9-16,female
124,Азалия,mail.csv,1991-1-13,decliened,publications.csv,2003-5-26,male
125,Авдий,mail.csv,1997-3-6,decliened,publications.csv,2004-2-26,male
126,Августа,mail.csv,2018-11-1,decliened,publications.csv,2009-11-16,male
127,Аваз,mail.csv,1990-4-13,approved,publications.csv,2009-12-12,male
128,Агнес,mail.csv,2000-6-2,decliened,publications.csv,1993-10-25,male
129,Адриана,mail.csv,2013-7-25,decliened,publications.csv,1992-4-8,male
130,Адель,mail.csv,1996-10-7,approved,publications.csv,1991-1-9,female
131,Азиза,mail.csv,1996-3-21,decliened,publications.csv,2003-4-25,male
132,Адриенна,mail.csv,1994-9-24,decliened,publications.csv,1996-10-16,female
133,Айгерим,mail.csv,2001-11-28,decliened,publications.csv,2006-5-18,male
134,Алина,mail.csv,2021-5-13,approved,publications.csv,2020-11-3,male
135,Алексей,mail.csv,2015-5-15,decliened,publications.csv,2006-9-15,female
136,Агнета,mail.csv,1997-12-8,decliened,publications.csv,1995-5-13,male
137,Адам,mail.csv,2002-7-16,decliened,publications.csv,2011-1-10,male
138,Азарий,mail.csv,2001-11-28,approved,publications.csv,2010-4-19,male
139,Айжан,mail.csv,1995-5-12,approved,publications.csv,1997-11-3,female
140,Александр,mail.csv,1996-5-21,approved,publications.csv,1996-11-14,female
141,Алевтин,mail.csv,2016-5-16,approved,publications.csv,2015-4-2,female
142,Агунда,mail.csv,2004-4-5,approved,publications.csv,1995-6-3,female
143,Алёна,mail.csv,1996-6-11,decliened,publications.csv,1995-1-24,male
144,Алевтина,mail.csv,2009-2-11,decliened,publications.csv,2002-12-22,male
145,Адель,mail.csv,2006-11-25,approved,publications.csv,1997-1-16,male
146,Айдар,mail.csv,2006-4-17,decliened,publications.csv,2009-3-15,male
147,Аваз,mail.csv,2014-6-17,decliened,publications.csv,2006-10-16,female
148,Аделаида,mail.csv,1995-11-4,decliened,publications.csv,1990-3-10,male
149,Айнур,mail.csv,2004-3-3,decliened,publications.csv,1993-9-13,male
150,Агафья,mail.csv,2022-12-9,decliened,publications.csv,2006-3-16,male
151,Азалия,mail.csv,2004-12-20,approved,publications.csv,1993-4-18,female
152,Айгуль,mail.csv,1995-10-28,decliened,publications.csv,2006-11-24,female
153,Авигея,mail.csv,2002-2-9,approved,publications.csv,1996-6-28,female
154,Алёна,mail.csv,2012-3-12,approved,publications.csv,2006-3-26,female
155,Айлин,mail.csv,2010-3-9,approved,publications.csv,2019-5-19,female
156,Александра,mail.csv,2013-6-27,approved,publications.csv,1998-1-20,male
157,Азарий,mail.csv,2004-12-24,decliened,publications.csv,2003-9-10,female
158,Акакий,mail.csv,2012-6-19,approved,publications.csv,2009-1-5,male
159,Алихан,mail.csv,2012-2-5,decliened,publications.csv,2010-3-14,female
160,Адам,mail.csv,2018-2-16,approved,publications.csv,2022-11-10,male
161,Алевтина,mail.csv,2014-11-9,approved,publications.csv,2023-12-18,male
162,Альбина,mail.csv,2019-12-27,decliened,publications.csv,2013-3-17,female
163,Авдий,mail.csv,2008-2-3,approved,publications.csv,2012-3-6,male
164,Алексей,mail.csv,1998-7-4,decliened,publications.csv,2010-6-24,male
165,Аделаида,mail.csv,1996-6-4,decliened,publications.csv,2020-1-24,male
166,Агапия,mail.csv,1995-12-8,decliened,publications.csv,2005-12-19,male
167,Альбина,mail.csv,2007-5-15,approved,publications.csv,2019-11-28,male
168,Аким,mail.csv,2006-2-10,decliened,publications.csv,2013-12-15,female
169,Августа,mail.csv,2004-5-26,decliened,publications.csv,1990-6-20,male
170,Аврор,mail.csv,2023-1-20,approved,publications.csv,2022-9-4,female
171,Алевтин,mail.csv,1999-2-25,decliened,publications.csv,2009-10-16,male
172,Альберт,mail.csv,2023-3-22,approved,publications.csv,1992-11-28,male
173,Алира,mail.csv,2007-12-26,decliened,publications.csv,2008-5-17,male
174,Алла,mail.csv,2006-3-14,decliened,publications.csv,2005-12-26,male
175,Августина,mail.csv,1990-10-18,decliened,publications.csv,1992-12-12,female
176,Айдар,mail.csv,2011-4-15,approved,publications.csv,1999-5-23,male
177,Агнес,mail.csv,2011-12-23,decliened,publications.csv,1999-1-10,female
178,Адельфина,mail.csv,2023-3-13,approved,publications.csv,2014-3-19,female
179,Акулина,mail.csv,2002-5-16,decliened,publications.csv,2021-1-4,female
180,Айлин,mail.csv,1997-8-13,approved,publications.csv,2016-5-22,female
181,Алеся,mail.csv,2011-10-13,approved,publications.csv,2010-10-9,female
182,Аарон,mail.csv,2002-2-1,decliened,publications.csv,2005-4-16,female
183,Агнета,mail.csv,2011-7-17,approved,publications.csv,2023-10-7,male
184,Альжбета,mail.csv,2018-3-22,decliened,publications.csv,2014-7-22,male
185,Альфия,mail.csv,2019-7-4,approved,publications.csv,2020-10-18,female
186,Акулина,mail.csv,1997-12-14,decliened,publications.csv,2018-7-18,male
187,Айлин,mail.csv,2001-3-26,approved,publications.csv,2012-5-10,female
188,Агунда,mail.csv,2019-6-4,decliened,publications.csv,2018-9-7,female
189,Адель,mail.csv,2017-3-20,decliened,publications.csv,1997-7-8,male
190,Ален,mail.csv,2017-10-17,decliened,publications.csv,2000-1-13,female
191,Азиза,mail.csv,1996-7-27,decliened,publications.csv,2021-4-23,male
192,Айгерим,mail.csv,2017-6-16,decliened,publications.csv,2002-4-27,female
193,Аделия,mail.csv,2023-9-14,approved,publications.csv,1998-5-5,male
194,Алдона,mail.csv,1998-4-13,decliened,publications.csv,1994-5-22,male
195,Алсу,mail.csv,1999-9-11,approved,publications.csv,2000-5-4,male
196,Алима,mail.csv,2005-7-17,decliened,publications.csv,2009-4-20,female
197,Агнесса,mail.csv,1992-9-5,approved,publications.csv,2000-7-4,female
198,Аарон,mail.csv,2000-9-22,approved,publications.csv,2002-12-2,female
199,Аида,mail.csv,1997-1-18,approved,publications.csv,2011-3-25,female
200,Альвиан,mail.csv,2003-1-10,approved,publications.csv,2002-10-12,male
201,Аксён,mail.csv,2014-1-2,approved,publications.csv,1990-10-9,male
202,Авксентий,mail.csv,2018-9-8,decliened,publications.csv,1994-1-11,male
203,Алевтина,mail.csv,2023-1-10,decliened,publications.csv,1993-5-8,female
204,Агнес,mail.csv,1993-4-13,decliened,publications.csv,2022-12-15,female
205,Адольф,mail.csv,2009-1-9,decliened,publications.csv,2006-10-13,male
206,Айлин,mail.csv,1992-2-3,decliened,publications.csv,2004-2-15,male
207,Алдона,mail.csv,2005-10-26,decliened,publications.csv,2010-8-28,male
208,Аглая,mail.csv,2001-7-4,approved,publications.csv,2010-6-4,male
209,Альбина,mail.csv,2003-8-26,approved,publications.csv,2000-11-12,male
210,Агриппина,mail.csv,1992-1-3,decliened,publications.csv,2017-7-26,male
211,Аглая,mail.csv,2012-7-4,approved,publications.csv,2006-5-15,female
212,Адриан,mail.csv,1998-4-18,approved,publications.csv,2022-7-25,male
213,Алексий,mail.csv,2023-1-7,approved,publications.csv,2010-6-1,male
214,Алана,mail.csv,1997-12-5,decliened,publications.csv,2017-12-1,male
215,Али,mail.csv,1998-1-6,decliened,publications.csv,1995-12-2,male
216,Айнагуль,mail.csv,1997-9-10,decliened,publications.csv,2007-10-7,male
217,Айдар,mail.csv,2013-11-4,approved,publications.csv,2018-7-14,male
218,Алевтин,mail.csv,2010-12-21,approved,publications.csv,2007-2-20,male
219,Аксинья,mail.csv,2020-5-7,decliened,publications.csv,1999-4-17,female
220,Алтжин,mail.csv,1994-12-22,approved,publications.csv,1996-3-11,female
221,Агриппина,mail.csv,2008-5-3,approved,publications.csv,2021-2-2,male
222,Аглая,mail.csv,1998-3-16,approved,publications.csv,2016-6-13,female
223,Августин,mail.csv,1991-12-19,decliened,publications.csv,2007-5-26,male
224,Алана,mail.csv,2013-8-5,decliened,publications.csv,2007-12-13,female
225,Алмаз,mail.csv,1991-6-19,approved,publications.csv,2003-6-3,male
226,Альба,mail.csv,2001-2-13,decliened,publications.csv,2018-1-25,male
227,Адельфина,mail.csv,2007-12-2,decliened,publications.csv,2003-2-25,female
228,Агап,mail.csv,2009-12-15,decliened,publications.csv,2022-9-14,male
229,Адриан,mail.csv,2017-3-19,decliened,publications.csv,2015-6-5,female
230,Аарон,mail.csv,2007-11-15,approved,publications.csv,2003-10-27,female
231,Авдотья,mail.csv,2004-1-24,approved,publications.csv,1995-11-26,male
232,Адриана,mail.csv,1996-1-10,approved,publications.csv,1996-1-6,female
233,Альвиан,mail.csv,2002-5-7,approved,publications.csv,2019-3-16,female
234,Аввакум,mail.csv,2009-4-23,decliened,publications.csv,2010-11-16,male
235,Азарий,mail.csv,1990-7-1,decliened,publications.csv,2017-5-14,female
236,Абрам,mail.csv,2020-7-27,decliened,publications.csv,2007-3-11,male
237,Александра,mail.csv,2019-5-28,approved,publications.csv,2020-3-3,male
238,Аглая,mail.csv,2018-9-13,approved,publications.csv,2016-3-15,female
239,Аваз,mail.csv,1996-4-24,approved,publications.csv,2007-2-27,female
240,Альвиан,mail.csv,2004-7-22,approved,publications.csv,2016-12-2,male
241,Азамат,mail.csv,2007-5-12,approved,publications.csv,2017-10-7,female
242,Агафон,mail.csv,1998-8-26,decliened,publications.csv,2017-12-4,female
243,Айнагуль,mail.csv,1994-7-19,decliened,publications.csv,1990-11-1,female
244,Адриан,mail.csv,1998-2-6,approved,publications.csv,1993-5-7,female
245,Алевтина,mail.csv,2020-4-22,approved,publications.csv,2007-7-15,female
246,Августа,mail.csv,2015-8-26,decliened,publications.csv,2015-5-12,male
247,Алёна,mail.csv,1997-2-3,decliened,publications.csv,2000-9-23,male
248,Аарон,mail.csv,2015-1-11,decliened,publications.csv,1999-7-9,female
249,Авксентий,mail.csv,2010-11-25,decliened,publications.csv,2010-10-26,male
250,Айгуль,mail.csv,1994-3-7,decliened,publications.csv,2012-3-11,male
251,Акулина,mail.csv,2022-6-16,approved,publications.csv,1998-11-21,male
252,Али,mail.csv,1995-11-19,decliened,publications.csv,2013-8-15,male
253,Аггей,mail.csv,2019-3-19,decliened,publications.csv,2005-1-18,male
254,Айлин,mail.csv,2013-3-10,decliened,publications.csv,2016-4-17,male
255,Алиса,mail.csv,2003-5-9,approved,publications.csv,2009-2-22,female
256,Абрам,mail.csv,2023-11-25,approved,publications.csv,2015-1-7,female
257,Алана,mail.csv,1993-1-1,decliened,publications.csv,1994-3-11,male
258,Агунда,mail.csv,1998-1-25,decliened,publications.csv,1994-1-22,male
259,Алико,mail.csv,2003-4-8,approved,publications.csv,2001-9-20,male
260,Авдотья,mail.csv,2006-10-26,approved,publications.csv,1993-1-2,male
261,Адриенна,mail.csv,2001-12-19,decliened,publications.csv,2002-9-14,male
262,Алима,mail.csv,1995-9-8,approved,publications.csv,2005-10-1,female
263,Алиса,mail.csv,2020-10-14,decliened,publications.csv,2014-3-3,male
264,Алима,mail.csv,1998-2-7,decliened,publications.csv,2010-3-27,male
265,Айнагуль,mail.csv,2013-5-27,approved,publications.csv,2004-6-28,male
266,Александр,mail.csv,2000-9-21,approved,publications.csv,2006-11-8,male
267,Август,mail.csv,2001-4-10,approved,publications.csv,2018-6-19,female
268,Авдий,mail.csv,2019-6-15,decliened,publications.csv,2005-10-28,female
269,Автоноя,mail.csv,2020-9-4,approved,publications.csv,2007-9-19,male
270,Алевтина,mail.csv,2022-3-1,approved,publications.csv,2020-5-21,male
271,Альба,mail.csv,2009-5-8,approved,publications.csv,2015-4-16,male
272,Аваз,mail.csv,2013-2-5,decliened,publications.csv,2005-4-12,male
273,Агния,mail.csv,2023-11-2,approved,publications.csv,2019-8-19,male
274,Алдона,mail.csv,2017-9-15,approved,publications.csv,2003-2-9,male
275,Али,mail.csv,1990-3-5,approved,publications.csv,2016-6-9,female
276,Аделаида,mail.csv,2016-2-6,decliened,publications.csv,2017-3-9,male
277,Аврор,mail.csv,2012-10-4,approved,publications.csv,2006-1-5,female
278,Аким,mail.csv,2015-8-14,decliened,publications.csv,2011-7-24,male
279,Агап,mail.csv,2001-10-18,approved,publications.csv,2021-2-10,female
280,Август,mail.csv,2020-7-18,approved,publications.csv,1990-3-6,female
281,Айгуль,mail.csv,1995-12-17,approved,publications.csv,2001-8-19,female
282,Авдей,mail.csv,2000-12-27,approved,publications.csv,2006-2-15,male
283,Аарон,mail.csv,1994-9-12,approved,publications.csv,2018-1-5,female
284,Ален,mail.csv,2007-2-18,approved,publications.csv,2004-10-16,male
285,Алёна,mail.csv,2004-2-15,decliened,publications.csv,2000-12-13,male
286,Айнагуль,mail.csv,2005-3-26,approved,publications.csv,2012-8-11,male
287,Агния,mail.csv,2007-4-4,approved,publications.csv,2002-12-1,male
288,Алмаз,mail.csv,1990-8-4,decliened,publications.csv,2005-3-21,male
289,Август,mail.csv,2017-4-19,decliened,publications.csv,1990-8-5,female
290,Алсу,mail.csv,2005-9-22,decliened,publications.csv,2022-8-28,female
291,Алеся,mail.csv,2015-6-1,approved,publications.csv,2008-10-19,female
292,Айгерим,mail.csv,2001-11-26,decliened,publications.csv,2011-1-5,female
293,Аврора,mail.csv,1997-7-16,approved,publications.csv,2021-12-12,male
294,Альба,mail.csv,1992-1-10,approved,publications.csv,2023-6-8,female
295,Аксинья,mail.csv,2010-2-14,approved,publications.csv,2010-12-19,male
296,Ада,mail.csv,2018-10-23,decliened,publications.csv,1990-7-3,male
297,Аксинья,mail.csv,1992-8-13,approved,publications.csv,1992-8-22,male
298,Альба,mail.csv,2016-3-2,approved,publications.csv,2016-2-12,male
299,Алдона,mail.csv,1998-4-13,approved,publications.csv,2019-12-17,female
300,Айнур,mail.csv,2000-7-21,approved,publications.csv,2022-4-16,female
301,Альфия,mail.csv,1991-11-27,approved,publications.csv,2017-2-27,female
302,Август,mail.csv,2020-3-17,decliened,publications.csv,2022-12-17,female
303,Агнета,mail.csv,2000-5-7,approved,publications.csv,2007-11-13,male
304,Автандил,mail.csv,2008-2-5,decliened,publications.csv,2018-7-17,female
305,Альберт,mail.csv,2008-6-23,decliened,publications.csv,1996-4-6,male
306,Авдий,mail.csv,1996-10-25,decliened,publications.csv,2020-6-16,male
307,Адельфина,mail.csv,2005-8-7,decliened,publications.csv,2017-9-17,male
308,Альвина,mail.csv,2023-5-3,approved,publications.csv,2016-1-10,male
309,Аглая,mail.csv,2019-5-28,decliened,publications.csv,2000-6-7,male
310,Азиза,mail.csv,2001-5-13,decliened,publications.csv,2001-7-10,female
311,Аггей,mail.csv,2010-3-23,approved,publications.csv,2014-9-3,male
312,Аваз,mail.csv,2006-11-5,approved,publications.csv,2000-3-28,female
313,Алексий,mail.csv,2009-8-19,approved,publications.csv,2012-10-10,female
314,Азат,mail.csv,2000-6-9,approved,publications.csv,1991-6-1,male
315,Аврора,mail.csv,2011-11-19,approved,publications.csv,1992-10-8,female
316,Алиса,mail.csv,2008-6-6,approved,publications.csv,1997-3-23,female
317,Алан,mail.csv,1994-7-4,approved,publications.csv,2012-8-2,male
318,Аида,mail.csv,2011-6-13,decliened,publications.csv,2006-1-18,female
319,Алихан,mail.csv,2006-1-19,decliened,publications.csv,2018-1-7,female
320,Агата,mail.csv,1994-8-26,approved,publications.csv,2014-2-28,female
321,Агриппина,mail.csv,2022-2-26,decliened,publications.csv,2014-9-28,female
322,Алла,mail.csv,1991-9-1,approved,publications.csv,1996-7-13,female
323,Адельфина,mail.csv,2004-2-12,decliened,publications.csv,1998-1-7,female
324,Адельфина,mail.csv,1994-11-7,approved,publications.csv,1996-3-20,female
325,Август,mail.csv,2001-1-14,approved,publications.csv,2017-10-4,male
326,Авксентий,mail.csv,2015-2-13,approved,publications.csv,1999-4-23,female
327,Азамат,mail.csv,1990-11-2,decliened,publications.csv,2012-1-10,male
328,Азарий,mail.csv,2023-7-18,decliened,publications.csv,1997-10-22,male
329,Азат,mail.csv,2007-6-18,approved,publications.csv,2018-1-27,female
330,Аврора,mail.csv,1999-2-2,decliened,publications.csv,2007-11-14,female
331,Айлин,mail.csv,2022-9-26,approved,publications.csv,1994-9-5,female
332,Айжан,mail.csv,1991-8-6,approved,publications.csv,1994-8-10,female
333,Альберта,mail.csv,2011-10-28,decliened,publications.csv,1998-4-25,male
334,Алевтин,mail.csv,2013-11-19,approved,publications.csv,1996-9-17,male
335,Ален,mail.csv,2020-4-25,approved,publications.csv,2019-7-1,male
336,Александрина,mail.csv,2008-6-16,decliened,publications.csv,1995-2-18,male
337,Азамат,mail.csv,2021-1-9,approved,publications.csv,2003-2-16,male
338,Абрам,mail.csv,2011-2-25,decliened,publications.csv,2014-12-15,female
339,Алима,mail.csv,2017-12-19,decliened,publications.csv,2000-9-13,male
340,Али,mail.csv,1992-12-9,decliened,publications.csv,1993-2-4,female
341,Аарон,mail.csv,2008-10-25,approved,publications.csv,2019-12-19,female
342,Александр,mail.csv,2000-9-11,decliened,publications.csv,2005-11-26,female
343,Авраам,mail.csv,2014-7-19,approved,publications.csv,1995-10-9,female
344,Альфия,mail.csv,2008-3-22,decliened,publications.csv,2022-3-10,male
345,Алёна,mail.csv,1997-6-28,approved,publications.csv,2014-9-20,male
346,Алина,mail.csv,2018-5-7,approved,publications.csv,2001-12-1,male
347,Агния,mail.csv,1992-12-22,decliened,publications.csv,2006-7-16,male
348,Агафья,mail.csv,1998-8-17,approved,publications.csv,2018-11-6,male
349,Авксентий,mail.csv,2007-8-4,decliened,publications.csv,2017-1-9,male
350,Адам,mail.csv,2018-3-19,decliened,publications.csv,2014-2-21,male
351,Аза,mail.csv,1993-6-2,decliened,publications.csv,2015-6-27,male
352,Агнесса,mail.csv,2002-11-9,approved,publications.csv,1992-9-8,male
353,Алико,mail.csv,1998-1-28,approved,publications.csv,1998-3-13,male
354,Адиля,mail.csv,2003-4-5,approved,publications.csv,1992-8-27,female
355,Али,mail.csv,2007-9-26,decliened,publications.csv,2012-12-10,female
356,Адриана,mail.csv,2001-5-11,decliened,publications.csv,2016-2-20,male
357,Автандил,mail.csv,2020-6-28,decliened,publications.csv,2007-3-16,male
358,Адольф,mail.csv,1992-10-12,approved,publications.csv,2019-7-26,female
359,Альбина,mail.csv,2012-7-14,approved,publications.csv,2023-6-23,male
360,Азат,mail.csv,2006-5-11,decliened,publications.csv,2011-1-28,male
361,Алтжин,mail.csv,2020-5-18,approved,publications.csv,1995-10-14,male
362,Агунда,mail.csv,2000-8-4,decliened,publications.csv,1991-9-4,male
363,Айнагуль,mail.csv,2017-9-1,approved,publications.csv,2018-9-16,female
364,Аксён,mail.csv,2021-12-24,decliened,publications.csv,2022-12-23,female
365,Авигея,mail.csv,2019-2-8,decliened,publications.csv,2021-7-19,male
366,Альвина,mail.csv,1994-10-13,approved,publications.csv,2023-12-21,female
367,Абрам,mail.csv,2015-11-19,approved,publications.csv,2013-10-21,female
368,Аделия,mail.csv,2023-3-18,approved,publications.csv,2000-8-3,male
369,Алоис,mail.csv,2001-1-24,decliened,publications.csv,1994-1-3,female
370,Авдотья,mail.csv,2021-11-7,approved,publications.csv,2012-5-8,male
371,Аваз,mail.csv,2005-7-14,approved,publications.csv,2010-4-17,male
372,Аврора,mail.csv,2022-7-3,approved,publications.csv,2002-7-27,female
373,Агнесса,mail.csv,1994-11-21,approved,publications.csv,2017-8-28,female
374,Алия,mail.csv,2002-10-5,approved,publications.csv,2013-8-14,female
375,Алиса,mail.csv,2017-7-3,decliened,publications.csv,2023-11-18,female
376,Агунда,mail.csv,2019-6-19,approved,publications.csv,1999-2-4,male
377,Автандил,mail.csv,2019-10-27,decliened,publications.csv,2007-4-23,female
378,Алла,mail.csv,2022-4-26,approved,publications.csv,2022-9-8,male
379,Айгуль,mail.csv,1996-12-6,approved,publications.csv,2013-4-8,female
380,Агафья,mail.csv,2010-9-12,decliened,publications.csv,1991-9-22,male
381,Айрат,mail.csv,2010-4-1,decliened,publications.csv,1996-6-21,male
382,Алеся,mail.csv,2010-7-28,decliened,publications.csv,1991-4-6,female
383,Аксён,mail.csv,2006-4-19,decliened,publications.csv,1994-11-23,female
384,Агриппина,mail.csv,2014-12-15,approved,publications.csv,1996-1-19,female
385,Авдий,mail.csv,1990-9-6,decliened,publications.csv,2016-11-2,male
386,Августин,mail.csv,1994-8-4,decliened,publications.csv,2020-6-11,male
387,Аделаида,mail.csv,1994-9-19,decliened,publications.csv,1991-6-27,male
388,Альберта,mail.csv,2017-3-11,decliened,publications.csv,2021-1-10,female
389,Алексей,mail.csv,2012-11-9,decliened,publications.csv,2006-11-8,male
390,Агафон,mail.csv,1996-3-23,approved,publications.csv,2012-4-15,female
391,Алла,mail.csv,2014-10-22,decliened,publications.csv,1996-3-6,female
392,Агапия,mail.csv,1996-11-2,approved,publications.csv,1995-6-15,male
393,Азамат,mail.csv,2009-5-21,approved,publications.csv,2014-3-8,female
394,Августин,mail.csv,2012-2-3,decliened,publications.csv,2002-1-12,female
395,Азалия,mail.csv,2004-4-9,decliened,publications.csv,2006-5-4,female
396,Акакий,mail.csv,1996-11-27,decliened,publications.csv,1990-9-8,female
397,Айжан,mail.csv,2002-9-24,approved,publications.csv,2020-8-15,female
398,Акулина,mail.csv,2008-11-4,decliened,publications.csv,2006-2-19,female
399,Александра,mail.csv,1990-5-5,approved,publications.csv,1999-4-10,male
400,Азиза,mail.csv,2004-8-16,decliened,publications.csv,2017-12-9,female
401,Алла,mail.csv,2019-5-14,decliened,publications.csv,2001-9-14,male
402,Автоноя,mail.csv,2011-9-23,approved,publications.csv,2008-6-12,male
403,Агафон,mail.csv,2017-10-21,decliened,publications.csv,1996-9-25,male
404,Александра,mail.csv,2011-3-23,approved,publications.csv,2004-6-5,female
405,Азат,mail.csv,2014-3-25,decliened,publications.csv,1997-4-9,female
406,Алеся,mail.csv,2004-8-8,decliened,publications.csv,1991-9-4,male
407,Алана,mail.csv,2010-12-18,decliened,publications.csv,1995-5-19,male
408,Алан,mail.csv,1996-10-23,decliened,publications.csv,1990-3-16,female
409,Аделия,mail.csv,1996-5-11,decliened,publications.csv,2017-8-16,female
410,Аида,mail.csv,2002-8-12,decliened,publications.csv,2001-3-1,female
411,Август,mail.csv,2016-1-12,decliened,publications.csv,2005-1-14,male
412,Аггей,mail.csv,2001-10-27,approved,publications.csv,2023-1-14,male
413,Адель,mail.csv,1998-5-17,decliened,publications.csv,2020-3-26,male
414,Авраам,mail.csv,1990-9-17,decliened,publications.csv,2006-4-7,male
415,Айнагуль,mail.csv,2023-1-23,decliened,publications.csv,2018-12-19,female
416,Аида,mail.csv,2004-11-15,approved,publications.csv,2015-1-7,female
417,Аггей,mail.csv,1994-10-15,decliened,publications.csv,2000-3-28,female
418,Адам,mail.csv,2004-10-28,approved,publications.csv,2009-1-25,male
419,Алия,mail.csv,1999-7-22,decliened,publications.csv,2020-1-10,male
420,Алеся,mail.csv,2014-8-20,approved,publications.csv,2018-2-3,male
421,Алексей,mail.csv,2022-6-17,approved,publications.csv,2015-9-19,male
422,Адольф,mail.csv,2012-5-25,decliened,publications.csv,2004-9-7,female
423,Аглая,mail.csv,1998-1-6,approved,publications.csv,2003-2-6,female
424,Алоис,mail.csv,2014-5-28,approved,publications.csv,2004-7-8,female
425,Авдотья,mail.csv,2020-10-2,decliened,publications.csv,1996-9-19,female
426,Агафон,mail.csv,2002-11-2,decliened,publications.csv,2006-12-17,female
427,Алан,mail.csv,2010-3-18,approved,publications.csv,2001-9-7,female
428,Алевтина,mail.csv,1998-5-4,approved,publications.csv,2010-12-23,female
429,Августин,mail.csv,2013-3-1,approved,publications.csv,1992-1-2,male
430,Агафон,mail.csv,1995-2-19,approved,publications.csv,2012-8-24,male
431,Августа,mail.csv,2001-1-12,approved,publications.csv,2020-7-15,male
432,Айгуль,mail.csv,2004-3-2,approved,publications.csv,2016-10-17,female
433,Аксён,mail.csv,1994-3-7,approved,publications.csv,1991-7-5,male
434,Автандил,mail.csv,2015-1-19,approved,publications.csv,1999-8-21,female
435,Агнесса,mail.csv,2015-4-21,approved,publications.csv,1995-4-10,male
436,Алиса,mail.csv,2006-10-26,decliened,publications.csv,2022-8-26,male
437,Авигея,mail.csv,2005-3-6,decliened,publications.csv,2010-11-14,female
438,Алоис,mail.csv,2013-10-18,decliened,publications.csv,2005-5-10,male
439,Алевтин,mail.csv,1997-9-26,decliened,publications.csv,2005-11-15,male
440,Адам,mail.csv,2004-12-20,decliened,publications.csv,1999-9-12,male
441,Алина,mail.csv,2002-11-7,decliened,publications.csv,1993-10-14,female
442,Альжбета,mail.csv,2010-3-25,approved,publications.csv,2011-10-15,male
443,Альба,mail.csv,2014-1-6,decliened,publications.csv,2014-6-24,female
444,Алексей,mail.csv,1992-9-18,decliened,publications.csv,2005-10-22,male
445,Айдар,mail.csv,2017-3-5,decliened,publications.csv,2014-8-11,female
446,Агриппина,mail.csv,2020-8-10,approved,publications.csv,2012-5-22,female
447,Айлин,mail.csv,1997-11-26,approved,publications.csv,2018-5-16,female
448,Аглая,mail.csv,2014-10-11,decliened,publications.csv,1991-9-4,female
449,Аггей,mail.csv,1998-11-5,approved,publications.csv,2011-5-7,male
450,Альберт,mail.csv,2010-8-20,approved,publications.csv,1998-3-26,male
451,Август,mail.csv,2020-9-5,approved,publications.csv,2011-12-12,male
452,Азалия,mail.csv,1990-4-22,decliened,publications.csv,2020-1-13,male
453,Азат,mail.csv,2020-8-11,decliened,publications.csv,1991-8-19,female
454,Алима,mail.csv,1996-6-25,decliened,publications.csv,2001-4-18,female
455,Август,mail.csv,2000-6-24,approved,publications.csv,2022-6-16,male
456,Азат,mail.csv,2000-6-27,decliened,publications.csv,2012-9-26,female
457,Альжбета,mail.csv,2018-10-5,approved,publications.csv,1990-11-28,male
458,Августина,mail.csv,2019-4-11,decliened,publications.csv,1998-1-17,male
459,Альвиан,mail.csv,2010-5-27,approved,publications.csv,2003-9-8,male
460,Августа,mail.csv,2007-9-9,approved,publications.csv,1999-12-4,male
461,Адриана,mail.csv,2006-10-21,decliened,publications.csv,2016-9-11,female
462,Алевтин,mail.csv,1992-9-19,decliened,publications.csv,2014-5-20,female
463,Альбина,mail.csv,1999-7-27,approved,publications.csv,1995-7-10,female
464,Александрина,mail.csv,2022-9-28,decliened,publications.csv,2000-12-3,male
465,Агафон,mail.csv,2005-9-27,decliened,publications.csv,1994-12-2,female
466,Адриана,mail.csv,2011-12-28,approved,publications.csv,2017-3-24,female
467,Августин,mail.csv,1998-1-3,approved,publications.csv,1998-1-4,male
468,Агата,mail.csv,2019-10-3,approved,publications.csv,2011-6-1,female
469,Алира,mail.csv,2016-8-19,approved,publications.csv,2016-4-22,male
470,Аксён,mail.csv,2023-6-6,decliened,publications.csv,2011-11-3,female
471,Алихан,mail.csv,2009-8-25,approved,publications.csv,1990-6-24,female
472,Аида,mail.csv,1992-5-27,decliened,publications.csv,2003-10-7,female
473,Александр,mail.csv,2000-11-20,approved,publications.csv,2019-4-4,male
474,Алина,mail.csv,1995-2-18,approved,publications.csv,2020-2-6,male
475,Аввакум,mail.csv,1996-11-6,approved,publications.csv,2005-12-24,female
476,Алсу,mail.csv,1997-8-20,decliened,publications.csv,2010-1-4,male
477,Авдотья,mail.csv,2003-6-21,approved,publications.csv,2001-2-20,male
478,Аделия,mail.csv,2010-3-9,approved,publications.csv,1996-9-18,male
479,Аврора,mail.csv,2008-9-8,decliened,publications.csv,2004-3-4,male
480,Айрат,mail.csv,2002-5-3,decliened,publications.csv,2000-3-6,male
481,Аксинья,mail.csv,1997-3-19,decliened,publications.csv,2021-7-1,female
482,Айрат,mail.csv,1999-11-10,approved,publications.csv,2003-11-2,female
483,Ален,mail.csv,2013-5-15,approved,publications.csv,1998-10-23,female
484,Аксён,mail.csv,1993-9-25,approved,publications.csv,1996-8-14,male
485,Азат,mail.csv,2019-5-19,decliened,publications.csv,1994-5-24,male
486,Али,mail.csv,2011-2-28,approved,publications.csv,1998-1-9,male
487,Аврор,mail.csv,2001-8-16,approved,publications.csv,2018-3-14,male
488,Абрам,mail.csv,2015-10-26,approved,publications.csv,2019-2-21,female
489,Авдий,mail.csv,2009-5-2,decliened,publications.csv,2016-8-23,female
490,Азарий,mail.csv,2017-10-12,approved,publications.csv,1998-4-3,male
491,Алеся,mail.csv,2003-9-4,decliened,publications.csv,2019-3-28,female
492,Айлин,mail.csv,1997-4-23,decliened,publications.csv,2007-8-20,female
493,Аза,mail.csv,2020-7-19,approved,publications.csv,2014-3-18,female
494,Агафон,mail.csv,2010-6-22,approved,publications.csv,1995-12-11,female
495,Алико,mail.csv,1999-4-19,approved,publications.csv,2003-2-14,female
496,Авраам,mail.csv,2018-12-6,approved,publications.csv,1998-12-4,female
497,Аглая,mail.csv,2018-9-26,approved,publications.csv,1991-4-23,female
498,Алиса,mail.csv,2017-12-12,decliened,publications.csv,2005-5-8,female
499,Алёна,mail.csv,1997-10-4,decliened,publications.csv,1997-1-15,male
500,Алдона,mail.csv,2021-2-9,decliened,publications.csv,1999-2-13,male
501,Аврора,mail.csv,2014-7-14,approved,publications.csv,2014-6-6,female
502,Акулина,mail.csv,2000-2-17,decliened,publications.csv,2016-7-15,female
503,Азарий,mail.csv,2022-10-28,approved,publications.csv,2009-1-6,male
504,Алексий,mail.csv,2010-6-13,decliened,publications.csv,2007-12-10,male
505,Алмаз,mail.csv,2022-4-22,decliened,publications.csv,1997-12-26,female
506,Адель,mail.csv,2012-6-27,approved,publications.csv,2020-2-21,male
507,Альберт,mail.csv,2014-4-14,decliened,publications.csv,1993-1-11,female
508,Альба,mail.csv,1990-3-9,approved,publications.csv,2018-7-20,female
509,Алексий,mail.csv,2009-5-9,decliened,publications.csv,1991-10-11,female
510,Автоноя,mail.csv,2002-9-15,decliened,publications.csv,2018-7-6,female
511,Аида,mail.csv,2014-6-26,approved,publications.csv,1990-10-24,female
512,Алима,mail.csv,1990-1-18,approved,publications.csv,2018-9-6,male
513,Агнесса,mail.csv,2021-7-2,approved,publications.csv,2010-1-12,male
514,Авксентий,mail.csv,2005-9-1,decliened,publications.csv,1995-3-10,male
515,Алана,mail.csv,2015-10-16,approved,publications.csv,2000-10-4,male
516,Айнур,mail.csv,2007-2-12,decliened,publications.csv,2023-11-14,male
517,Айгерим,mail.csv,2001-11-8,approved,publications.csv,2005-6-21,male
518,Альберта,mail.csv,1996-9-21,approved,publications.csv,2006-5-16,female
519,Агата,mail.csv,2006-9-19,decliened,publications.csv,2010-12-20,male
520,Алиса,mail.csv,1993-1-4,approved,publications.csv,1992-12-20,female
521,Айлин,mail.csv,1997-6-12,approved,publications.csv,1993-3-17,female
522,Августин,mail.csv,1993-9-17,approved,publications.csv,2001-12-27,male
523,Алима,mail.csv,2012-12-25,approved,publications.csv,2008-9-23,male
524,Авраам,mail.csv,1996-3-5,decliened,publications.csv,1995-9-5,female
525,Агафья,mail.csv,2009-1-2,approved,publications.csv,2014-4-8,female
526,Аарон,mail.csv,2008-8-21,approved,publications.csv,2009-4-10,male
527,Али,mail.csv,1991-2-7,decliened,publications.csv,2014-12-18,female
528,Алеся,mail.csv,1997-11-15,decliened,publications.csv,2018-5-5,male
529,Алихан,mail.csv,1990-4-2,approved,publications.csv,2006-3-20,male
530,Аггей,mail.csv,2001-5-26,decliened,publications.csv,2015-9-5,male
531,Автандил,mail.csv,2000-7-15,approved,publications.csv,2006-5-18,female
532,Агунда,mail.csv,2020-5-17,decliened,publications.csv,2020-11-28,male
533,Айгерим,mail.csv,2023-8-27,approved,publications.csv,2016-1-16,female
534,Агнесса,mail.csv,1999-1-2,decliened,publications.csv,1999-6-25,male
535,Александрина,mail.csv,2004-5-20,decliened,publications.csv,2020-2-16,female
536,Алсу,mail.csv,2004-10-18,decliened,publications.csv,1997-12-7,male
537,Алтжин,mail.csv,2010-1-27,decliened,publications.csv,2015-8-19,male
538,Адольф,mail.csv,2015-9-9,decliened,publications.csv,2017-5-1,female
539,Айгерим,mail.csv,1995-10-15,approved,publications.csv,1993-8-3,female
540,Абрам,mail.csv,1990-11-2,decliened,publications.csv,2006-3-9,female
541,Авдотья,mail.csv,2012-5-17,approved,publications.csv,2012-12-28,female
542,Айганым,mail.csv,2001-8-4,decliened,publications.csv,1997-3-19,male
543,Алевтина,mail.csv,2000-2-8,approved,publications.csv,1999-5-19,male
544,Алан,mail.csv,2009-9-7,decliened,publications.csv,2022-9-26,female
545,Аваз,mail.csv,2022-2-27,approved,publications.csv,2011-1-5,male
546,Алла,mail.csv,2015-2-8,approved,publications.csv,1990-10-18,male
547,Алевтина,mail.csv,2010-10-25,decliened,publications.csv,2009-6-4,male
548,Август,mail.csv,2016-8-23,decliened,publications.csv,2018-8-4,female
549,Азиза,mail.csv,1995-11-21,approved,publications.csv,2013-10-4,female
550,Адриенна,mail.csv,1998-6-18,approved,publications.csv,1997-10-9,female
551,Автандил,mail.csv,1992-3-19,approved,publications.csv,2018-3-9,male
552,Адам,mail.csv,2015-4-19,decliened,publications.csv,2008-12-7,male
553,Алтжин,mail.csv,2015-11-9,approved,publications.csv,2014-4-11,female
554,Аарон,mail.csv,1991-6-17,decliened,publications.csv,2002-9-25,male
555,Айгуль,mail.csv,2011-4-21,decliened,publications.csv,2018-10-13,male
556,Алексей,mail.csv,1998-12-22,decliened,publications.csv,2020-2-3,male
557,Алексий,mail.csv,2008-4-19,approved,publications.csv,2009-10-27,male
558,Айлин,mail.csv,2021-3-19,decliened,publications.csv,2022-1-23,female
559,Александрина,mail.csv,2000-2-5,decliened,publications.csv,1992-2-9,male
560,Аксинья,mail.csv,2008-5-7,approved,publications.csv,1991-12-5,male
561,Агния,mail.csv,2010-10-12,approved,publications.csv,2010-1-17,female
562,Альбина,mail.csv,2004-1-9,decliened,publications.csv,1990-1-2,female
563,Аида,mail.csv,1991-6-21,decliened,publications.csv,1993-8-22,male
564,Алмаз,mail.csv,1990-10-1,approved,publications.csv,1992-5-11,female
565,Алтжин,mail.csv,1999-6-3,decliened,publications.csv,2015-11-13,male
566,Адольф,mail.csv,2020-10-8,decliened,publications.csv,2014-3-21,male
567,Автандил,mail.csv,2023-7-15,decliened,publications.csv,2000-6-27,female
568,Алира,mail.csv,2004-7-6,decliened,publications.csv,2006-8-7,female
569,Агапия,mail.csv,2022-11-24,decliened,publications.csv,1990-3-28,female
570,Агнесса,mail.csv,2001-2-28,decliened,publications.csv,2021-4-21,male
571,Алексей,mail.csv,2023-1-22,approved,publications.csv,2018-1-20,female
572,Авксентий,mail.csv,1992-4-3,decliened,publications.csv,2014-5-1,male
573,Азиза,mail.csv,2002-3-20,decliened,publications.csv,2001-11-17,male
574,Алима,mail.csv,1992-5-19,approved,publications.csv,2012-7-9,male
575,Алан,mail.csv,2007-4-5,approved,publications.csv,2018-3-26,female
576,Аарон,mail.csv,2010-6-8,approved,publications.csv,1990-10-15,female
577,Авдий,mail.csv,2022-4-8,approved,publications.csv,2012-2-1,male
578,Айгерим,mail.csv,1994-3-5,decliened,publications.csv,2011-4-11,male
579,Аггей,mail.csv,2007-11-20,approved,publications.csv,2014-10-18,male
580,Агнета,mail.csv,2005-2-8,decliened,publications.csv,2012-4-20,male
581,Адис,mail.csv,2016-5-6,decliened,publications.csv,2020-9-13,female
582,Айнагуль,mail.csv,2015-9-18,decliened,publications.csv,2021-10-14,male
583,Айжан,mail.csv,2007-12-25,approved,publications.csv,2012-11-11,male
584,Августин,mail.csv,1996-12-24,approved,publications.csv,2018-11-7,female
585,Аделия,mail.csv,2002-1-22,decliened,publications.csv,1991-10-11,female
586,Алевтина,mail.csv,2005-10-23,decliened,publications.csv,2021-12-12,male
587,Аглая,mail.csv,2006-5-14,approved,publications.csv,1991-11-26,male
588,Аврора,mail.csv,2010-7-3,approved,publications.csv,1998-8-16,male
589,Алёна,mail.csv,2021-1-16,decliened,publications.csv,1998-6-15,female
590,Альжбета,mail.csv,2012-5-18,decliened,publications.csv,2017-12-4,male
591,Аксён,mail.csv,2006-4-26,decliened,publications.csv,1991-9-11,female
592,Альберт,mail.csv,1990-12-17,decliened,publications.csv,2004-3-10,female
593,Азат,mail.csv,2002-2-26,approved,publications.csv,1992-7-27,male
594,Азалия,mail.csv,2012-2-2,decliened,publications.csv,1998-2-8,male
595,Агнес,mail.csv,2014-9-15,approved,publications.csv,2003-3-3,male
596,Ален,mail.csv,2023-3-22,decliened,publications.csv,1999-5-7,female
597,Альба,mail.csv,2012-6-27,approved,publications.csv,1993-4-2,female
598,Ада,mail.csv,2003-3-11,approved,publications.csv,2000-1-13,female
599,Алдона,mail.csv,2016-2-12,approved,publications.csv,2001-7-23,male
600,Акакий,mail.csv,2009-12-13,decliened,publications.csv,2009-8-7,male
601,Адель,mail.csv,2002-7-26,decliened,publications.csv,2004-7-22,male
602,Алия,mail.csv,1993-1-3,decliened,publications.csv,2017-3-16,male
603,Агафья,mail.csv,2018-11-1,decliened,publications.csv,1995-2-4,male
604,Александрина,mail.csv,1996-1-11,approved,publications.csv,2019-8-2,male
605,Адриана,mail.csv,2016-3-15,decliened,publications.csv,1996-1-25,female
606,Айганым,mail.csv,2019-1-19,decliened,publications.csv,2020-10-18,male
607,Айлин,mail.csv,2006-8-19,approved,publications.csv,2017-11-3,male
608,Аида,mail.csv,2008-7-24,approved,publications.csv,2016-2-28,female
609,Августа,mail.csv,1992-8-10,decliened,publications.csv,2009-10-6,female
610,Агнесса,mail.csv,2023-2-26,decliened,publications.csv,1996-12-25,female
611,Александрина,mail.csv,2017-3-6,approved,publications.csv,2000-3-1,male
612,Аксинья,mail.csv,1996-11-26,decliened,publications.csv,2001-7-16,male
613,Аксинья,mail.csv,1993-3-5,approved,publications.csv,2014-4-6,male
614,Аглая,mail.csv,2014-2-26,approved,publications.csv,1994-11-15,male
615,Агафья,mail.csv,2001-12-8,decliened,publications.csv,2013-9-7,female
616,Азалия,mail.csv,1995-11-19,approved,publications.csv,1996-8-18,female
617,Агнес,mail.csv,1995-3-21,decliened,publications.csv,2004-12-5,female
618,Альберта,mail.csv,1991-8-6,approved,publications.csv,2017-8-16,female
619,Авраам,mail.csv,2020-1-19,approved,publications.csv,2019-11-22,male
620,Аарон,mail.csv,1996-10-26,decliened,publications.csv,2016-9-24,female
621,Айдар,mail.csv,1993-4-3,decliened,publications.csv,2019-1-10,male
622,Аделина,mail.csv,2002-12-6,approved,publications.csv,2006-4-6,male
623,Авигея,mail.csv,1996-7-22,approved,publications.csv,2003-2-20,male
624,Алана,mail.csv,2016-10-8,decliened,publications.csv,2022-4-14,male
625,Алсу,mail.csv,2013-10-25,approved,publications.csv,2022-11-18,male
626,Алсу,mail.csv,2020-2-15,decliened,publications.csv,2021-5-13,male
627,Акулина,mail.csv,2005-12-2,decliened,publications.csv,2016-5-19,male
628,Алиса,mail.csv,2010-5-25,approved,publications.csv,1991-9-10,female
629,Адриана,mail.csv,1997-3-7,approved,publications.csv,2001-5-7,male
630,Альбина,mail.csv,1990-9-21,decliened,publications.csv,2000-4-15,male
631,Азат,mail.csv,1997-3-25,decliened,publications.csv,1998-9-19,female
632,Айдар,mail.csv,2000-11-17,approved,publications.csv,2006-11-5,male
633,Айжан,mail.csv,1993-3-9,decliened,publications.csv,1997-6-5,female
634,Аврора,mail.csv,2007-12-27,approved,publications.csv,1997-12-15,female
635,Адель,mail.csv,2021-10-7,decliened,publications.csv,2007-12-10,male
636,Алан,mail.csv,2007-10-2,decliened,publications.csv,1992-4-28,female
637,Алеся,mail.csv,1995-8-25,decliened,publications.csv,2009-2-20,male
638,Аваз,mail.csv,2015-1-28,decliened,publications.csv,2006-2-10,male
639,Аза,mail.csv,2022-1-23,decliened,publications.csv,2006-5-11,female
640,Алико,mail.csv,1995-10-7,decliened,publications.csv,1993-6-22,male
641,Азамат,mail.csv,2004-10-12,approved,publications.csv,2022-7-11,female
642,Акулина,mail.csv,1990-4-4,approved,publications.csv,2010-1-12,female
643,Айнур,mail.csv,2017-8-17,approved,publications.csv,1998-7-21,male
644,Агафья,mail.csv,2008-9-19,approved,publications.csv,2011-8-24,male
645,Алла,mail.csv,1992-7-11,approved,publications.csv,2011-9-26,male
646,Адриан,mail.csv,2018-9-26,decliened,publications.csv,1993-12-1,female
647,Азалия,mail.csv,2001-10-7,approved,publications.csv,2013-3-23,female
648,Августин,mail.csv,2014-6-2,decliened,publications.csv,2005-12-7,female
649,Алтжин,mail.csv,1996-5-20,approved,publications.csv,2010-10-22,male
650,Аксинья,mail.csv,2005-7-10,approved,publications.csv,1998-10-19,male
651,Авдей,mail.csv,1997-6-11,decliened,publications.csv,2018-11-25,female
652,Алиса,mail.csv,2018-11-15,approved,publications.csv,1995-3-17,male
653,Алексей,mail.csv,2014-2-25,approved,publications.csv,2023-3-9,male
654,Адам,mail.csv,1990-6-4,approved,publications.csv,2007-8-16,female
655,Агнес,mail.csv,1992-9-7,decliened,publications.csv,1999-11-23,female
656,Аза,mail.csv,2003-7-23,approved,publications.csv,2016-5-12,male
657,Аваз,mail.csv,1999-10-2,approved,publications.csv,2023-4-8,male
658,Алеся,mail.csv,2017-4-14,approved,publications.csv,2009-6-28,male
659,Альвиан,mail.csv,2001-1-28,decliened,publications.csv,1993-9-3,female
660,Адольф,mail.csv,2005-3-25,approved,publications.csv,2004-1-23,male
661,Алевтина,mail.csv,2006-4-2,decliened,publications.csv,1995-3-12,male
662,Адриана,mail.csv,2006-9-12,decliened,publications.csv,2007-10-25,male
663,Айнур,mail.csv,1992-4-1,decliened,publications.csv,2000-6-23,male
664,Алтжин,mail.csv,2015-10-17,decliened,publications.csv,1996-6-3,male
665,Альбина,mail.csv,1993-6-28,decliened,publications.csv,2013-8-11,female
666,Александрина,mail.csv,2001-6-4,approved,publications.csv,1990-3-16,male
667,Автоноя,mail.csv,2008-2-28,approved,publications.csv,1996-9-12,female
668,Адриан,mail.csv,2018-10-17,decliened,publications.csv,1996-7-6,female
669,Аввакум,mail.csv,1995-4-28,decliened,publications.csv,1991-11-6,male
670,Адольф,mail.csv,2009-7-3,decliened,publications.csv,1993-1-17,male
671,Аксён,mail.csv,2009-9-1,decliened,publications.csv,1991-12-17,male
672,Алико,mail.csv,2022-10-24,decliened,publications.csv,2000-12-11,male
673,Алана,mail.csv,1993-1-9,approved,publications.csv,2010-3-27,male
674,Аксинья,mail.csv,2010-8-27,approved,publications.csv,2014-7-9,female
675,Авдотья,mail.csv,2000-7-15,decliened,publications.csv,2006-6-4,male
676,Аггей,mail.csv,2008-4-18,approved,publications.csv,2010-5-26,male
677,Адиля,mail.csv,1999-11-25,decliened,publications.csv,2022-3-17,female
678,Адам,mail.csv,2022-5-12,approved,publications.csv,1992-9-4,female
679,Алтжин,mail.csv,1997-8-6,approved,publications.csv,2010-5-13,male
680,Альфия,mail.csv,2004-8-21,decliened,publications.csv,1995-8-4,male
681,Августа,mail.csv,2004-12-1,decliened,publications.csv,2010-7-14,female
682,Азиза,mail.csv,2010-1-3,approved,publications.csv,2006-7-28,male
683,Ада,mail.csv,1999-4-18,approved,publications.csv,2008-9-14,male
684,Агнета,mail.csv,2003-9-2,approved,publications.csv,2020-5-15,male
685,Адиля,mail.csv,2009-9-13,decliened,publications.csv,1995-12-4,female
686,Александра,mail.csv,2009-10-4,decliened,publications.csv,1999-1-17,female
687,Азамат,mail.csv,2009-12-15,approved,publications.csv,1991-10-27,male
688,Аарон,mail.csv,2005-7-19,decliened,publications.csv,1996-2-8,male
689,Алла,mail.csv,1992-5-4,approved,publications.csv,2022-1-25,female
690,Абрам,mail.csv,2022-1-10,decliened,publications.csv,2023-11-25,female
691,Алан,mail.csv,2012-11-3,approved,publications.csv,2017-10-8,male
692,Алексий,mail.csv,2016-2-6,decliened,publications.csv,1997-8-24,female
693,Авксентий,mail.csv,2001-2-13,decliened,publications.csv,2013-12-4,male
694,Алия,mail.csv,2017-7-28,approved,publications.csv,2016-10-3,female
695,Алия,mail.csv,2017-11-17,approved,publications.csv,2002-5-25,female
696,Агафья,mail.csv,2008-11-22,approved,publications.csv,2010-7-21,male
697,Алина,mail.csv,1996-6-12,approved,publications.csv,1990-10-11,male
698,Альберта,mail.csv,2010-12-4,decliened,publications.csv,2013-8-7,female
699,Алмаз,mail.csv,2023-1-25,decliened,publications.csv,1998-10-14,male
700,Адиля,mail.csv,2005-12-27,decliened,publications.csv,1990-3-14,female
701,Алеся,mail.csv,2001-2-14,decliened,publications.csv,2016-1-3,female
702,Алия,mail.csv,2009-3-27,decliened,publications.csv,2010-9-9,female
703,Альжбета,mail.csv,2004-2-3,approved,publications.csv,2000-5-7,male
704,Аида,mail.csv,2021-12-4,decliened,publications.csv,1999-8-27,male
705,Альжбета,mail.csv,1999-6-22,decliened,publications.csv,2009-6-20,male
706,Али,mail.csv,2020-12-21,approved,publications.csv,2010-2-19,male
707,Ада,mail.csv,2019-10-7,approved,publications.csv,2022-9-5,male
708,Азамат,mail.csv,2009-11-4,decliened,publications.csv,1996-12-11,male
709,Автоноя,mail.csv,2009-10-9,decliened,publications.csv,2018-8-22,female
710,Авдей,mail.csv,2000-1-17,approved,publications.csv,2007-4-7,female
711,Аза,mail.csv,2017-8-7,decliened,publications.csv,1995-4-2,female
712,Алсу,mail.csv,2011-12-22,decliened,publications.csv,2011-1-18,female
713,Аврор,mail.csv,2006-7-21,approved,publications.csv,2015-10-17,female
714,Акакий,mail.csv,2014-10-14,decliened,publications.csv,2013-12-6,female
715,Александр,mail.csv,2023-8-12,approved,publications.csv,1993-1-8,female
716,Альфия,mail.csv,2017-6-7,approved,publications.csv,2003-8-14,male
717,Алла,mail.csv,2008-10-2,decliened,publications.csv,2000-6-8,female
718,Алдона,mail.csv,2004-11-6,decliened,publications.csv,1990-6-10,female
719,Аксён,mail.csv,2002-6-22,approved,publications.csv,2012-4-19,female
720,Алтжин,mail.csv,1996-4-17,approved,publications.csv,1992-1-6,male
721,Агата,mail.csv,2007-3-21,decliened,publications.csv,1995-5-6,female
722,Аксён,mail.csv,2015-10-13,decliened,publications.csv,2005-10-20,male
723,Альфия,mail.csv,1994-1-16,decliened,publications.csv,2007-12-20,male
724,Альберта,mail.csv,2012-10-21,decliened,publications.csv,1995-1-18,female
725,Алтжин,mail.csv,2001-8-1,decliened,publications.csv,2023-10-3,male
726,Алан,mail.csv,2022-4-25,approved,publications.csv,1999-10-22,male
727,Азиза,mail.csv,1994-5-20,decliened,publications.csv,2016-12-19,male
728,Алдона,mail.csv,2003-9-5,decliened,publications.csv,2001-7-27,male
729,Алоис,mail.csv,2021-6-26,decliened,publications.csv,1992-11-12,female
730,Айгуль,mail.csv,2006-5-22,approved,publications.csv,2008-6-23,female
731,Агафья,mail.csv,2000-5-16,decliened,publications.csv,2012-6-27,female
732,Аврора,mail.csv,2013-2-2,decliened,publications.csv,2018-4-16,female
733,Алтжин,mail.csv,2021-1-4,approved,publications.csv,2014-11-17,male
734,Алира,mail.csv,2008-7-14,decliened,publications.csv,2006-3-23,male
735,Августина,mail.csv,2017-3-26,decliened,publications.csv,1995-12-19,female
736,Агап,mail.csv,2018-2-18,decliened,publications.csv,1992-6-10,male
737,Александрина,mail.csv,2022-10-15,approved,publications.csv,2004-11-16,male
738,Алия,mail.csv,1995-5-20,approved,publications.csv,2021-6-9,female
739,Адам,mail.csv,1994-5-6,decliened,publications.csv,2002-3-1,female
740,Аггей,mail.csv,2017-4-3,decliened,publications.csv,1990-7-10,female
741,Аделина,mail.csv,1994-9-22,approved,publications.csv,2023-12-23,male
742,Айдар,mail.csv,2015-2-14,decliened,publications.csv,2003-12-6,female
743,Алана,mail.csv,2013-9-14,decliened,publications.csv,2023-3-18,male
744,Агния,mail.csv,2018-11-25,decliened,publications.csv,2001-7-13,female
745,Алоис,mail.csv,2021-6-4,approved,publications.csv,2009-1-22,female
746,Алира,mail.csv,2019-2-15,decliened,publications.csv,1991-12-22,male
747,Адольф,mail.csv,2010-6-10,decliened,publications.csv,1998-10-21,male
748,Августин,mail.csv,1990-7-8,approved,publications.csv,2016-10-23,female
749,Августин,mail.csv,1999-1-25,decliened,publications.csv,2017-1-11,male
750,Адельфина,mail.csv,1997-7-13,approved,publications.csv,2018-12-13,male
751,Алиса,mail.csv,1994-2-15,decliened,publications.csv,2020-4-12,female
752,Айнур,mail.csv,2005-8-23,decliened,publications.csv,2015-4-22,male
753,Авдотья,mail.csv,1999-4-20,approved,publications.csv,2016-6-20,male
754,Азиза,mail.csv,2002-6-17,decliened,publications.csv,2014-6-10,female
755,Агафья,mail.csv,2000-3-17,approved,publications.csv,1997-10-28,male
756,Алихан,mail.csv,2005-8-11,approved,publications.csv,2023-3-25,female
757,Аврор,mail.csv,2018-1-17,decliened,publications.csv,2007-9-15,female
758,Алсу,mail.csv,1992-1-23,decliened,publications.csv,2001-11-3,female
759,Айгерим,mail.csv,2016-12-28,approved,publications.csv,1994-4-6,female
760,Ада,mail.csv,2005-7-19,approved,publications.csv,1997-8-11,female
761,Авдей,mail.csv,1997-3-12,decliened,publications.csv,2004-8-7,female
762,Алмаз,mail.csv,2014-9-3,decliened,publications.csv,2014-10-28,female
763,Адольф,mail.csv,2015-7-9,approved,publications.csv,2017-1-1,female
764,Автоноя,mail.csv,1993-8-23,approved,publications.csv,2010-3-12,female
765,Авдей,mail.csv,2005-5-11,approved,publications.csv,1991-11-22,male
766,Аида,mail.csv,2001-8-13,decliened,publications.csv,1993-9-10,male
767,Аввакум,mail.csv,2000-10-26,decliened,publications.csv,2015-1-6,female
768,Алира,mail.csv,2017-1-21,approved,publications.csv,1993-8-25,female
769,Азарий,mail.csv,1997-8-24,decliened,publications.csv,2002-1-27,male
770,Алевтина,mail.csv,1996-12-1,approved,publications.csv,2005-10-4,male
771,Адам,mail.csv,1999-7-28,approved,publications.csv,2019-9-6,male
772,Агафья,mail.csv,2014-9-25,approved,publications.csv,1996-6-21,male
773,Алихан,mail.csv,1990-5-13,decliened,publications.csv,2005-8-10,male
774,Аврор,mail.csv,2005-3-9,decliened,publications.csv,2014-11-8,male
775,Авраам,mail.csv,2001-5-15,decliened,publications.csv,2020-5-25,female
776,Агата,mail.csv,2009-3-5,approved,publications.csv,1995-10-15,female
777,Адам,mail.csv,2020-8-23,decliened,publications.csv,2018-1-24,male
778,Аделаида,mail.csv,2012-6-8,approved,publications.csv,1997-1-7,female
779,Алексий,mail.csv,2003-7-6,approved,publications.csv,2005-7-21,female
780,Авдей,mail.csv,2017-8-8,decliened,publications.csv,1992-4-4,male
781,Авксентий,mail.csv,2010-12-6,decliened,publications.csv,2012-10-19,male
782,Август,mail.csv,2017-9-14,decliened,publications.csv,1993-9-25,female
783,Азалия,mail.csv,2016-8-13,approved,publications.csv,1990-1-23,female
784,Азат,mail.csv,1996-8-12,decliened,publications.csv,2004-10-23,male
785,Аида,mail.csv,2021-9-20,approved,publications.csv,1999-4-22,female
786,Абрам,mail.csv,2008-4-27,decliened,publications.csv,2013-10-19,female
787,Аида,mail.csv,2016-1-18,decliened,publications.csv,2019-3-5,female
788,Альберт,mail.csv,2002-11-26,decliened,publications.csv,2011-3-21,male
789,Альбина,mail.csv,2023-5-27,approved,publications.csv,2004-12-25,male
790,Азат,mail.csv,2011-2-19,decliened,publications.csv,2006-5-5,male
791,Азиза,mail.csv,2015-9-5,decliened,publications.csv,2009-3-28,male
792,Али,mail.csv,1999-4-12,approved,publications.csv,2020-8-21,male
793,Альба,mail.csv,2001-4-22,approved,publications.csv,1992-12-28,male
794,Агнес,mail.csv,2012-6-6,decliened,publications.csv,1991-4-24,female
795,Алевтин,mail.csv,2002-11-3,approved,publications.csv,2018-4-24,male
796,Алина,mail.csv,1995-1-11,approved,publications.csv,1990-7-5,male
797,Алан,mail.csv,2013-2-25,decliened,publications.csv,2011-9-8,male
798,Адольф,mail.csv,2015-8-28,approved,publications.csv,1995-10-16,female
799,Агнес,mail.csv,2021-2-24,approved,publications.csv,2006-11-1,male
800,Алсу,mail.csv,2014-4-12,decliened,publications.csv,2009-8-25,male
801,Алиса,mail.csv,2021-12-8,decliened,publications.csv,1999-10-28,male
802,Алико,mail.csv,2019-3-16,approved,publications.csv,2004-3-28,female
803,Айжан,mail.csv,2001-11-23,approved,publications.csv,2006-5-2,male
804,Алия,mail.csv,1994-6-14,decliened,publications.csv,2015-5-16,female
805,Айганым,mail.csv,2002-4-9,approved,publications.csv,2013-3-25,male
806,Айжан,mail.csv,2000-10-3,decliened,publications.csv,2022-10-3,male
807,Автоноя,mail.csv,2012-4-9,approved,publications.csv,1996-6-10,female
808,Адам,mail.csv,2001-12-26,decliened,publications.csv,1997-11-15,male
809,Аида,mail.csv,2003-12-14,decliened,publications.csv,2016-4-25,female
810,Августа,mail.csv,2022-10-24,approved,publications.csv,2008-9-15,male
811,Адриан,mail.csv,1993-12-21,approved,publications.csv,2008-1-22,male
812,Аза,mail.csv,2019-6-24,decliened,publications.csv,2007-12-3,male
813,Алихан,mail.csv,2004-7-10,decliened,publications.csv,1991-7-5,female
814,Августина,mail.csv,2005-6-22,decliened,publications.csv,2015-10-10,male
815,Адельфина,mail.csv,2015-3-27,decliened,publications.csv,2015-8-4,male
816,Азалия,mail.csv,2015-9-20,approved,publications.csv,2011-2-25,male
817,Аврор,mail.csv,2019-7-6,decliened,publications.csv,2000-3-25,male
818,Адис,mail.csv,1990-7-12,decliened,publications.csv,2018-3-14,male
819,Алия,mail.csv,1992-12-22,approved,publications.csv,1991-12-28,female
820,Альвина,mail.csv,2021-12-14,approved,publications.csv,2014-10-27,male
821,Аваз,mail.csv,2011-9-11,decliened,publications.csv,2022-8-19,male
822,Алико,mail.csv,1996-7-28,decliened,publications.csv,2001-11-18,female
823,Алевтин,mail.csv,2001-1-7,decliened,publications.csv,1991-12-20,female
824,Аввакум,mail.csv,2018-10-11,approved,publications.csv,2008-3-12,female
825,Альба,mail.csv,2009-2-6,approved,publications.csv,2005-7-8,female
826,Адиля,mail.csv,2004-8-28,decliened,publications.csv,1998-11-19,female
827,Адриенна,mail.csv,2018-8-12,approved,publications.csv,2022-12-12,female
828,Адольф,mail.csv,2016-10-5,approved,publications.csv,2018-9-22,female
829,Азарий,mail.csv,1999-4-25,approved,publications.csv,2017-5-22,male
830,Аида,mail.csv,1996-6-11,decliened,publications.csv,1994-3-25,male
831,Аарон,mail.csv,1997-11-18,approved,publications.csv,2002-4-24,male
832,Аврора,mail.csv,2015-9-19,approved,publications.csv,2000-8-24,male
833,Аида,mail.csv,2021-4-4,decliened,publications.csv,1992-9-14,male
834,Аза,mail.csv,2022-7-22,approved,publications.csv,1996-7-20,female
835,Аделаида,mail.csv,1995-4-7,approved,publications.csv,2011-10-28,male
836,Алмаз,mail.csv,2023-1-11,decliened,publications.csv,2004-12-27,female
837,Айнур,mail.csv,2015-9-28,decliened,publications.csv,2017-10-16,male
838,Авдий,mail.csv,2022-9-22,decliened,publications.csv,2000-1-11,female
839,Азамат,mail.csv,1990-3-15,approved,publications.csv,2003-7-3,female
840,Алдона,mail.csv,2001-4-26,approved,publications.csv,2005-9-23,female
841,Альба,mail.csv,2006-6-8,decliened,publications.csv,2022-10-19,male
842,Айганым,mail.csv,1995-9-5,decliened,publications.csv,2010-5-7,male
843,Айдар,mail.csv,2003-1-23,approved,publications.csv,2018-10-14,male
844,Агнета,mail.csv,2020-7-24,approved,publications.csv,2020-1-15,male
845,Александрина,mail.csv,2007-4-14,decliened,publications.csv,2002-1-14,male
846,Абрам,mail.csv,2023-9-26,approved,publications.csv,2012-3-7,female
847,Азат,mail.csv,2020-3-20,approved,publications.csv,2006-2-3,female
848,Айганым,mail.csv,1993-11-7,decliened,publications.csv,2011-7-11,female
849,Агафон,mail.csv,1993-1-21,decliened,publications.csv,2019-1-23,male
850,Альвина,mail.csv,2009-1-27,approved,publications.csv,2008-8-24,female
851,Азиза,mail.csv,1991-11-21,decliened,publications.csv,1991-5-11,female
852,Алико,mail.csv,2013-3-3,decliened,publications.csv,2020-3-7,male
853,Авдотья,mail.csv,2010-2-18,decliened,publications.csv,2006-1-3,male
854,Альжбета,mail.csv,1997-2-25,decliened,publications.csv,2010-11-4,male
855,Агафон,mail.csv,2003-7-10,approved,publications.csv,2015-3-14,male
856,Аврор,mail.csv,1994-10-6,approved,publications.csv,2021-6-15,female
857,Августин,mail.csv,1996-8-28,decliened,publications.csv,2011-10-1,male
858,Аксён,mail.csv,2019-4-24,decliened,publications.csv,2014-11-1,male
859,Агнес,mail.csv,2003-11-25,approved,publications.csv,2008-12-22,male
860,Агата,mail.csv,2020-9-26,decliened,publications.csv,2014-3-27,female
861,Автоноя,mail.csv,2001-9-3,decliened,publications.csv,2004-3-7,female
862,Аарон,mail.csv,2007-5-22,approved,publications.csv,2022-8-24,female
863,Альберт,mail.csv,2017-8-19,decliened,publications.csv,2016-8-23,female
864,Айрат,mail.csv,1992-6-19,decliened,publications.csv,2016-6-27,female
865,Агния,mail.csv,2016-1-26,decliened,publications.csv,2003-3-4,female
866,Алла,mail.csv,2021-5-24,approved,publications.csv,2022-3-18,male
867,Айлин,mail.csv,2014-8-27,decliened,publications.csv,2019-4-21,male
868,Альфия,mail.csv,2013-4-5,approved,publications.csv,2012-10-11,female
869,Алексей,mail.csv,2017-1-21,decliened,publications.csv,2002-7-3,female
870,Авксентий,mail.csv,1999-4-27,decliened,publications.csv,1999-6-11,female
871,Аврор,mail.csv,2023-4-23,approved,publications.csv,1999-1-15,male
872,Али,mail.csv,2016-6-18,approved,publications.csv,2015-6-3,female
873,Августа,mail.csv,1990-7-16,approved,publications.csv,2010-2-2,male
874,Аким,mail.csv,2021-8-21,decliened,publications.csv,2008-3-24,male
875,Алла,mail.csv,2005-3-17,decliened,publications.csv,2000-7-19,male
876,Августина,mail.csv,2021-2-5,decliened,publications.csv,1999-5-10,female
877,Альба,mail.csv,1998-6-28,approved,publications.csv,1999-8-2,male
878,Алмаз,mail.csv,2020-10-25,approved,publications.csv,1993-7-19,female
879,Адриан,mail.csv,1999-11-4,decliened,publications.csv,2005-5-22,male
880,Азат,mail.csv,2018-12-6,approved,publications.csv,1994-4-28,male
881,Авдотья,mail.csv,2012-4-6,decliened,publications.csv,2012-6-12,male
882,Айнур,mail.csv,1998-7-13,approved,publications.csv,2018-8-22,female
883,Авраам,mail.csv,2020-8-4,decliened,publications.csv,2009-12-9,male
884,Агунда,mail.csv,2000-8-18,decliened,publications.csv,2023-2-18,female
885,Алсу,mail.csv,2009-8-2,decliened,publications.csv,1990-1-23,male
886,Азиза,mail.csv,2016-1-14,approved,publications.csv,2011-2-13,male
887,Авдотья,mail.csv,1992-4-15,decliened,publications.csv,1997-10-8,male
888,Аггей,mail.csv,2007-4-23,approved,publications.csv,2020-12-8,male
889,Альба,mail.csv,2015-9-19,decliened,publications.csv,2003-5-3,female
890,Алтжин,mail.csv,2000-12-9,approved,publications.csv,2006-12-22,male
891,Александрина,mail.csv,1995-5-18,approved,publications.csv,2021-3-6,male
892,Ада,mail.csv,2003-2-1,decliened,publications.csv,1998-2-19,female
893,Ален,mail.csv,2000-3-14,approved,publications.csv,1999-7-25,female
894,Алексий,mail.csv,1994-1-26,decliened,publications.csv,2015-11-13,female
895,Авдий,mail.csv,2006-11-9,approved,publications.csv,1998-2-27,female
896,Алоис,mail.csv,2001-6-9,decliened,publications.csv,2018-12-8,male
897,Айжан,mail.csv,2023-6-26,approved,publications.csv,2002-8-8,female
898,Айнагуль,mail.csv,2014-5-5,decliened,publications.csv,2023-12-9,male
899,Агафья,mail.csv,2012-9-14,decliened,publications.csv,2001-3-15,female
900,Адельфина,mail.csv,1990-9-3,approved,publications.csv,2014-4-6,male
901,Алевтин,mail.csv,1995-9-26,decliened,publications.csv,2008-6-22,female
902,Автандил,mail.csv,2006-4-18,approved,publications.csv,2021-6-1,male
903,Айнур,mail.csv,2011-4-15,approved,publications.csv,2023-11-14,male
904,Аза,mail.csv,2006-5-26,decliened,publications.csv,2015-1-27,male
905,Абрам,mail.csv,1997-9-6,decliened,publications.csv,2020-12-5,female
906,Алмаз,mail.csv,2003-4-20,decliened,publications.csv,1992-9-15,male
907,Айгуль,mail.csv,2022-2-5,decliened,publications.csv,2006-8-18,male
908,Автоноя,mail.csv,2018-1-15,approved,publications.csv,2018-4-25,female
909,Агапия,mail.csv,1995-5-13,approved,publications.csv,1991-4-25,male
910,Адель,mail.csv,2011-8-27,decliened,publications.csv,2019-2-11,female
911,Александр,mail.csv,2016-7-18,approved,publications.csv,1995-10-27,female
912,Аделия,mail.csv,1997-5-12,decliened,publications.csv,2004-8-3,female
913,Агнета,mail.csv,2008-1-21,approved,publications.csv,2021-6-1,female
914,Ален,mail.csv,2023-10-12,decliened,publications.csv,1993-1-19,female
915,Авдей,mail.csv,2020-12-17,decliened,publications.csv,2002-3-25,male
916,Алсу,mail.csv,2011-12-28,decliened,publications.csv,2013-6-5,female
917,Агата,mail.csv,1992-8-4,approved,publications.csv,2022-1-23,male
918,Аглая,mail.csv,2004-2-25,decliened,publications.csv,1993-1-8,male
919,Альбина,mail.csv,1992-2-15,approved,publications.csv,2015-10-10,male
920,Алмаз,mail.csv,2008-8-17,approved,publications.csv,1990-12-2,female
921,Алан,mail.csv,2002-6-6,approved,publications.csv,2018-9-3,male
922,Авдей,mail.csv,2023-11-22,approved,publications.csv,2003-1-23,male
923,Автоноя,mail.csv,1994-9-7,decliened,publications.csv,1991-9-4,female
924,Авигея,mail.csv,2010-7-9,decliened,publications.csv,2013-8-16,male
925,Августа,mail.csv,1999-12-5,approved,publications.csv,1994-10-10,female
926,Айнагуль,mail.csv,2014-3-11,decliened,publications.csv,2008-8-15,male
927,Айнагуль,mail.csv,2007-12-5,decliened,publications.csv,2014-12-19,male
928,Азалия,mail.csv,2007-2-7,approved,publications.csv,2023-11-26,male
929,Ален,mail.csv,2009-10-19,approved,publications.csv,1994-6-19,female
930,Аза,mail.csv,2013-5-7,approved,publications.csv,2023-8-3,female
931,Алоис,mail.csv,1996-3-7,decliened,publications.csv,1996-8-2,male
932,Алла,mail.csv,1993-4-19,decliened,publications.csv,1994-12-1,male
933,Александра,mail.csv,2011-12-20,decliened,publications.csv,1991-11-1,male
934,Адам,mail.csv,2004-2-3,decliened,publications.csv,1992-12-5,female
935,Адриан,mail.csv,1996-6-2,approved,publications.csv,2023-4-6,female
936,Аврор,mail.csv,2022-9-14,decliened,publications.csv,2002-10-8,male
937,Айнагуль,mail.csv,2013-11-8,decliened,publications.csv,1998-1-19,male
938,Алоис,mail.csv,2017-6-18,decliened,publications.csv,1992-4-6,female
939,Авдотья,mail.csv,2009-6-12,approved,publications.csv,2005-10-26,female
940,Айдар,mail.csv,2010-9-10,decliened,publications.csv,2020-11-5,male
941,Азарий,mail.csv,1996-5-9,decliened,publications.csv,2001-10-5,male
942,Алексей,mail.csv,2013-12-23,approved,publications.csv,1992-5-21,male
943,Адис,mail.csv,2010-2-18,approved,publications.csv,1996-10-28,female
944,Альвина,mail.csv,2017-7-21,decliened,publications.csv,2018-7-15,male
945,Александр,mail.csv,2011-9-6,approved,publications.csv,2022-6-19,female
946,Авдей,mail.csv,2008-8-12,approved,publications.csv,1998-10-3,female
947,Алико,mail.csv,2009-10-13,decliened,publications.csv,2005-6-18,male
948,Авигея,mail.csv,1997-3-23,approved,publications.csv,2022-4-20,male
949,Алла,mail.csv,2000-11-14,approved,publications.csv,2005-10-8,male
950,Аксинья,mail.csv,2005-5-20,approved,publications.csv,2001-10-2,female
951,Алия,mail.csv,2006-7-23,decliened,publications.csv,1999-6-7,male
952,Ален,mail.csv,2016-10-22,approved,publications.csv,2007-11-19,male
953,Адиля,mail.csv,2001-3-10,decliened,publications.csv,2015-9-12,male
954,Алана,mail.csv,1992-1-22,decliened,publications.csv,1995-10-10,male
955,Августина,mail.csv,1996-12-13,approved,publications.csv,2002-8-10,female
956,Адис,mail.csv,2016-3-24,decliened,publications.csv,1996-4-15,male
957,Азиза,mail.csv,1995-2-12,approved,publications.csv,2002-2-24,female
958,Адриенна,mail.csv,1992-5-13,approved,publications.csv,2015-6-9,male
959,Алексей,mail.csv,2005-3-2,decliened,publications.csv,2009-10-9,male
960,Августин,mail.csv,2016-12-20,approved,publications.csv,2008-7-21,female
961,Айнур,mail.csv,1991-1-15,approved,publications.csv,2013-4-20,female
962,Адис,mail.csv,1994-11-23,approved,publications.csv,2022-2-5,male
963,Авраам,mail.csv,2003-5-5,approved,publications.csv,2021-9-2,female
964,Альвина,mail.csv,1998-8-16,approved,publications.csv,1992-5-2,female
965,Акакий,mail.csv,2007-2-11,decliened,publications.csv,1994-9-17,male
966,Адиля,mail.csv,2001-2-14,approved,publications.csv,2010-11-6,male
967,Аврор,mail.csv,1999-9-6,approved,publications.csv,2021-12-20,male
968,Алана,mail.csv,2001-8-20,decliened,publications.csv,1998-2-12,male
969,Абрам,mail.csv,1992-6-19,approved,publications.csv,1997-9-24,female
970,Алла,mail.csv,1996-1-14,decliened,publications.csv,2013-12-10,male
971,Алевтин,mail.csv,2012-3-15,approved,publications.csv,1998-6-6,male
972,Ада,mail.csv,2016-1-7,decliened,publications.csv,1993-11-2,male
973,Агнесса,mail.csv,2005-3-23,approved,publications.csv,2006-11-2,male
974,Аваз,mail.csv,2005-10-4,approved,publications.csv,1995-4-25,female
975,Алия,mail.csv,2001-8-10,decliened,publications.csv,2013-11-10,female
976,Аввакум,mail.csv,2018-3-16,approved,publications.csv,2003-7-3,female
977,Авдий,mail.csv,2018-9-17,decliened,publications.csv,2015-7-1,male
978,Александрина,mail.csv,1995-9-24,approved,publications.csv,1991-10-7,male
979,Абрам,mail.csv,2015-6-17,approved,publications.csv,1997-4-22,male
980,Ален,mail.csv,2011-8-6,approved,publications.csv,2020-12-18,male
981,Айгуль,mail.csv,2011-1-11,decliened,publications.csv,2009-3-27,male
982,Азиза,mail.csv,1992-12-28,approved,publications.csv,2015-3-27,female
983,Алдона,mail.csv,2000-12-24,approved,publications.csv,2014-6-9,male
984,Адриенна,mail.csv,2020-8-18,decliened,publications.csv,1993-7-18,male
985,Адель,mail.csv,2008-2-14,approved,publications.csv,1995-4-12,female
986,Алико,mail.csv,2019-9-10,approved,publications.csv,2011-5-20,female
987,Агапия,mail.csv,1992-5-13,approved,publications.csv,1991-12-26,female
988,Алексий,mail.csv,1990-11-18,decliened,publications.csv,2003-12-13,male
989,Автандил,mail.csv,2015-4-2,decliened,publications.csv,2021-5-19,male
990,Адриенна,mail.csv,2021-2-15,approved,publications.csv,2007-6-16,male
991,Аксинья,mail.csv,2009-2-13,approved,publications.csv,2023-4-3,male
992,Аввакум,mail.csv,1997-4-18,approved,publications.csv,2006-11-8,female
993,Аделия,mail.csv,1999-7-2,decliened,publications.csv,2007-7-22,female
994,Аделина,mail.csv,1997-8-3,decliened,publications.csv,1998-12-18,male
995,Аделия,mail.csv,2000-5-3,approved,publications.csv,1992-6-1,male
996,Ада,mail.csv,2006-4-19,approved,publications.csv,2012-4-15,female
997,Алиса,mail.csv,2019-9-20,approved,publications.csv,1993-3-6,female
998,Алёна,mail.csv,2001-1-3,approved,publications.csv,2022-7-25,female
999,Авдий,mail.csv,2022-5-2,approved,publications.csv,2014-9-14,male
